id,user,uid,version,changeset,timestamp
24425048,nuklearerWintersturm,75424,2,4683648,2010-05-13T09:09:24Z
24425661,Seandebasti,550560,4,44799399,2016-12-31T03:31:36Z
24426297,dmgroom,1164,2,4050104,2010-03-06T13:22:33Z
24426818,7thgrade,4893896,3,45294160,2017-01-19T10:45:33Z
24427478,7thgrade,4893896,4,45332392,2017-01-20T17:33:09Z
24427800,7thgrade,4893896,3,45266172,2017-01-18T10:01:13Z
49431337,katpatuka,17497,1,3785020,2010-02-03T18:35:00Z
50427404,42429,42429,2,15315462,2013-03-10T14:19:04Z
52068937,samely,2512300,14,39269461,2016-05-12T14:54:26Z
56301905,Maarten Deen,9176,4,19695745,2013-12-29T13:03:18Z
56902278,dannykath,2226712,3,33131286,2015-08-05T15:11:59Z
66443860,katpatuka,17497,4,41469480,2016-08-15T15:10:48Z
71373763,katpatuka,17497,4,22310047,2014-05-13T10:35:56Z
73539808,Wahsaw,2237091,6,48022933,2017-04-22T05:48:45Z
73544736,katpatuka,17497,1,5550463,2010-08-21T09:58:32Z
73546346,katpatuka,17497,1,5550725,2010-08-21T10:35:41Z
73546454,jamesks,2500,3,44419930,2016-12-15T10:42:30Z
73548515,Seandebasti,550560,2,40020811,2016-06-14T16:14:11Z
81944500,jamesks,2500,5,44423089,2016-12-15T13:03:49Z
82171532,katpatuka,17497,1,6094585,2010-10-19T08:43:50Z
82171617,Wahsaw,2237091,2,31783434,2015-06-07T07:01:22Z
82175758,jamesks,2500,4,45395080,2017-01-23T10:11:42Z
82191717,katpatuka,17497,1,6097747,2010-10-19T11:51:22Z
83005384,7thgrade,4893896,16,44779015,2016-12-30T09:08:21Z
83716751,yangfl,304705,3,7262018,2011-02-12T08:18:07Z
85846183,jamesks,2500,11,44419930,2016-12-15T10:42:31Z
85846249,jamesks,2500,10,44401576,2016-12-14T16:29:05Z
85846309,jamesks,2500,7,44399803,2016-12-14T15:04:34Z
88169543,jamesks,2500,2,33911895,2015-09-09T15:09:37Z
95503579,jamesks,2500,3,22580844,2014-05-27T11:57:28Z
98571444,jamesks,2500,2,44399803,2016-12-14T15:04:34Z
98571469,no_nodes_here,4834184,5,47449632,2017-04-04T17:39:21Z
98601506,Maarten Deen,9176,3,19695876,2013-12-29T13:10:50Z
98870829,Maarten Deen,9176,2,19695876,2013-12-29T13:10:43Z
98870853,hanyankai,378714,2,7866319,2011-04-15T02:02:05Z
98870874,yangfl,304705,1,7236125,2011-02-09T13:34:20Z
98870895,Maarten Deen,9176,2,19695876,2013-12-29T13:10:43Z
98874622,jamesks,2500,2,44421081,2016-12-15T11:43:15Z
98880414,jamesks,2500,3,44421081,2016-12-15T11:43:16Z
98880439,Jason Roy,5147743,3,46643834,2017-03-07T07:56:40Z
99160924,yangfl,304705,1,7253543,2011-02-11T10:01:38Z
99160985,yangfl,304705,2,11932152,2012-06-18T01:37:58Z
99161027,Maarten Deen,9176,3,18028621,2013-09-25T14:11:23Z
99161053,FreedSky,1236135,2,33312401,2015-08-13T13:10:50Z
99161074,FreedSky,1236135,2,33312401,2015-08-13T13:10:49Z
99172511,jamesks,2500,2,44471599,2016-12-17T15:04:38Z
99175094,yangfl,304705,1,7253543,2011-02-11T11:46:27Z
99180199,yangfl,304705,2,11932152,2012-06-18T01:37:58Z
99202183,yangfl,304705,1,7256321,2011-02-11T16:14:41Z
99204578,no_nodes_here,4834184,5,47448561,2017-04-04T16:59:02Z
99209349,FreedSky,1236135,4,25243071,2014-09-05T08:19:30Z
99209386,FreedSky,1236135,3,25243071,2014-09-05T08:19:30Z
99209412,yangfl,304705,1,7256321,2011-02-11T17:44:17Z
99213112,gerg1,697073,4,13272805,2012-09-27T14:33:11Z
99217965,yangfl,304705,1,7256321,2011-02-11T18:57:15Z
99230732,yangfl,304705,1,7256321,2011-02-11T19:49:43Z
99286390,jamesks,2500,3,44489365,2016-12-18T12:32:30Z
99289468,jamesks,2500,4,31446166,2015-05-25T14:05:00Z
99289488,calfarome,2511706,6,37858844,2016-03-15T22:51:31Z
99291527,yangfl,304705,2,7263472,2011-02-12T12:37:31Z
99295424,jamesks,2500,2,31446166,2015-05-25T14:05:03Z
99295444,KartaBY,413914,3,47380718,2017-04-02T12:49:37Z
99301331,yangfl,304705,1,7262018,2011-02-12T10:17:12Z
99303158,jamesks,2500,2,31446166,2015-05-25T14:15:38Z
99310500,yangfl,304705,1,7262018,2011-02-12T10:51:40Z
99314479,yangfl,304705,1,7263472,2011-02-12T11:20:09Z
99315459,ediyes,1240849,4,38873971,2016-04-26T02:51:56Z
99322605,Helmchen42,1817244,2,22359672,2014-05-15T19:52:02Z
99322666,jamesks,2500,2,31446166,2015-05-25T14:05:00Z
99821326,yangfl,304705,3,7602556,2011-03-19T09:12:56Z
100458103,FreedSky,1236135,3,25243532,2014-09-05T08:42:23Z
100463947,Shaun Austin,4803525,3,46642622,2017-03-07T06:40:24Z
100468964,FreedSky,1236135,2,25243397,2014-09-05T08:35:11Z
100469013,FreedSky,1236135,2,25243397,2014-09-05T08:35:11Z
100477262,Maarten Deen,9176,2,19695745,2013-12-29T13:03:26Z
101685842,dannykath,2226712,2,37740047,2016-03-10T17:09:59Z
101691268,yangfl,304705,1,7397139,2011-02-26T08:47:08Z
101725995,jamesks,2500,4,46225823,2017-02-19T20:09:13Z
101726031,yangfl,304705,1,7399415,2011-02-26T12:46:14Z
101726052,jamesks,2500,3,44401486,2016-12-14T16:24:53Z
101745957,jamesks,2500,3,44402481,2016-12-14T17:15:42Z
101757555,RichRico,2219338,2,33110840,2015-08-04T19:59:15Z
104406596,Wahsaw,2237091,2,30493779,2015-04-26T07:43:31Z
108735266,jamesks,2500,4,44452121,2016-12-16T16:57:58Z
116940961,aighes,110639,1,8388634,2011-06-09T13:56:06Z
116941034,aighes,110639,1,8388634,2011-06-09T13:56:41Z
133368589,jamesks,2500,6,34680157,2015-10-16T17:45:08Z
133369320,jamesks,2500,4,20862825,2014-03-02T11:57:19Z
133370260,jamesks,2500,3,20862825,2014-03-02T11:57:25Z
135187643,jamesks,2500,6,45398447,2017-01-23T12:44:16Z
140274561,katpatuka,17497,9,44661987,2016-12-25T13:35:40Z
140285474,Seandebasti,550560,10,40024757,2016-06-14T19:24:58Z
140361710,ff5722,3450290,10,47472415,2017-04-05T11:01:01Z
140361901,katpatuka,17497,1,10071442,2011-12-09T09:12:58Z
140408475,jkjkjk,507276,3,19093535,2013-11-24T16:10:42Z
140408660,katpatuka,17497,1,10074393,2011-12-09T16:47:37Z
140417220,Wahsaw,2237091,4,42183464,2016-09-15T18:53:18Z
140417242,katpatuka,17497,1,10074945,2011-12-09T17:57:45Z
142909817,Wahsaw,2237091,2,30524821,2015-04-27T04:30:56Z
142917665,katpatuka,17497,1,10217356,2011-12-27T16:40:00Z
143090153,Jason Roy,5147743,2,46615660,2017-03-06T07:54:38Z
143090190,katpatuka,17497,1,10229256,2011-12-28T19:13:49Z
143090238,katpatuka,17497,1,10229256,2011-12-28T19:14:01Z
143090326,katpatuka,17497,1,10229256,2011-12-28T19:14:22Z
143090387,Prot D,748291,2,23114160,2014-06-24T02:56:14Z
143090423,katpatuka,17497,1,10229256,2011-12-28T19:14:47Z
143183220,ff5722,3450290,4,46195525,2017-02-18T15:55:07Z
149155721,katpatuka,17497,2,15133642,2013-02-23T11:11:31Z
149155875,katpatuka,17497,1,10613076,2012-02-07T15:27:07Z
149156041,katpatuka,17497,1,10613076,2012-02-07T15:27:39Z
149156148,katpatuka,17497,1,10613076,2012-02-07T15:28:00Z
152112054,Oberaffe,56597,4,42252370,2016-09-18T17:32:19Z
152112119,Oberaffe,56597,2,42252370,2016-09-18T17:32:19Z
159153207,katpatuka,17497,1,11274715,2012-04-12T10:34:42Z
159153254,katpatuka,17497,1,11274715,2012-04-12T10:35:03Z
163004288,katpatuka,17497,1,11561688,2012-05-10T18:50:27Z
164700907,greecemapper,23785,3,17037119,2013-07-21T15:13:16Z
164700928,greecemapper,23785,2,17037119,2013-07-21T15:13:17Z
164700948,katpatuka,17497,1,11681213,2012-05-23T14:08:33Z
164700970,katpatuka,17497,1,11681213,2012-05-23T14:08:38Z
164700998,Seandebasti,550560,3,46218220,2017-02-19T15:11:45Z
164704747,katpatuka,17497,1,11681700,2012-05-23T15:17:31Z
167923959,yangfl,304705,2,11932668,2012-06-18T03:43:52Z
167925527,yangfl,304705,1,11932152,2012-06-18T01:37:18Z
167935769,yangfl,304705,1,11932668,2012-06-18T03:43:43Z
167935789,yangfl,304705,1,11932668,2012-06-18T03:43:46Z
167935809,yangfl,304705,1,11932668,2012-06-18T03:43:50Z
167939676,Eva Blue,4803528,3,46644233,2017-03-07T08:16:42Z
167939698,yangfl,304705,1,11932829,2012-06-18T04:39:08Z
167939719,yangfl,304705,1,11932829,2012-06-18T04:39:12Z
167994403,yangfl,304705,1,11937182,2012-06-18T13:43:08Z
167994435,kr12,570551,2,15982732,2013-05-05T10:46:00Z
167994488,yangfl,304705,1,11937182,2012-06-18T13:43:17Z
178851887,15Tr,1987359,3,36624731,2016-01-16T22:54:27Z
178853563,jamesks,2500,2,31446166,2015-05-25T13:58:12Z
178854605,Oberaffe,56597,2,42237773,2016-09-18T00:20:27Z
178859710,15Tr,1987359,3,36624731,2016-01-16T22:24:09Z
183172136,greecemapper,23785,2,17036854,2013-07-21T14:53:01Z
183172163,gerg1,697073,1,13272805,2012-09-27T14:32:29Z
183172183,FreedSky,1236135,2,25243639,2014-09-05T08:47:51Z
183172203,FreedSky,1236135,2,25243639,2014-09-05T08:47:52Z
183172223,gerg1,697073,1,13272805,2012-09-27T14:32:40Z
183172255,gerg1,697073,1,13272805,2012-09-27T14:32:45Z
183196920,jamesks,2500,3,34653099,2015-10-15T12:05:47Z
197412407,zhongguo,386131,1,14346499,2012-12-20T18:10:30Z
198509993,greecemapper,23785,2,17036854,2013-07-21T14:53:01Z
200884771,jamesks,2500,13,44421081,2016-12-15T11:43:18Z
201074093,katpatuka,17497,2,41469480,2016-08-15T15:10:49Z
206437412,katpatuka,17497,2,16335941,2013-05-29T10:32:49Z
206638277,katpatuka,17497,2,15123021,2013-02-22T12:53:09Z
206649540,katpatuka,17497,1,15123021,2013-02-22T12:52:44Z
206679840,katpatuka,17497,1,15125760,2013-02-22T16:45:16Z
206709689,katpatuka,17497,3,34639494,2015-10-14T18:55:52Z
206819241,katpatuka,17497,2,15145926,2013-02-24T10:38:22Z
206819273,katpatuka,17497,1,15133642,2013-02-23T11:11:20Z
206885646,katpatuka,17497,1,15140316,2013-02-23T19:46:26Z
206985495,katpatuka,17497,1,15145926,2013-02-24T10:38:11Z
206987950,katpatuka,17497,1,15146245,2013-02-24T11:02:35Z
207074095,katpatuka,17497,1,15151657,2013-02-24T17:58:30Z
207074125,katpatuka,17497,1,15151657,2013-02-24T17:58:32Z
207074148,15Tr,1987359,2,36624731,2016-01-16T22:52:39Z
207074178,katpatuka,17497,1,15151657,2013-02-24T17:58:39Z
207074234,KartaBY,413914,2,31218034,2015-05-17T06:08:00Z
211701728,Tznischd,141420,2,15597670,2013-04-03T17:30:50Z
215292273,zhongguo,386131,2,20604345,2014-02-16T21:04:48Z
215574346,SaraW,3424135,2,36982123,2016-02-03T17:48:11Z
215576297,15Tr,1987359,3,36624731,2016-01-16T22:52:29Z
217744422,Wahsaw,2237091,9,37469882,2016-02-26T19:37:20Z
220072655,kr12,570551,1,15977726,2013-05-04T22:10:03Z
220105581,kr12,570551,1,15982732,2013-05-05T10:45:49Z
220105601,kr12,570551,1,15982732,2013-05-05T10:45:50Z
220105621,kr12,570551,1,15982732,2013-05-05T10:45:52Z
220105643,DENG LEI,5968694,5,48757662,2017-05-17T09:55:01Z
220273674,FreedSky,1236135,2,25243555,2014-09-05T08:43:29Z
221820666,ediyes,1240849,5,37762667,2016-03-11T15:25:54Z
224491990,wanderingchinaman,1263561,1,16432511,2013-06-05T13:42:44Z
228056643,Tznischd,141420,1,16763335,2013-06-30T11:44:17Z
230614857,greecemapper,23785,2,17029760,2013-07-20T23:09:01Z
230614880,jamesks,2500,5,44489365,2016-12-18T12:32:29Z
230615528,FreedSky,1236135,2,25243196,2014-09-05T08:25:16Z
230615885,greecemapper,23785,2,17029928,2013-07-20T23:39:52Z
230616912,FreedSky,1236135,2,25243814,2014-09-05T08:57:07Z
230616945,greecemapper,23785,1,17029928,2013-07-20T23:39:44Z
230616966,15Tr,1987359,2,36624731,2016-01-16T22:54:30Z
230617108,15Tr,1987359,2,36624731,2016-01-16T22:54:19Z
230718074,greecemapper,23785,1,17036854,2013-07-21T14:52:58Z
230719964,greecemapper,23785,1,17037007,2013-07-21T15:05:24Z
230719984,greecemapper,23785,1,17037007,2013-07-21T15:05:25Z
230720007,samely,2512300,9,38171724,2016-03-30T16:10:46Z
230721060,greecemapper,23785,1,17037119,2013-07-21T15:13:04Z
233034380,jamesks,2500,2,44421081,2016-12-15T11:43:21Z
233034402,Maarten Deen,9176,1,17294662,2013-08-10T18:33:14Z
233366668,jamesks,2500,2,34653099,2015-10-15T12:02:23Z
233366708,jamesks,2500,2,20862825,2014-03-02T11:57:13Z
233366754,katpatuka,17497,1,17329371,2013-08-13T11:03:34Z
233376503,katpatuka,17497,1,17330199,2013-08-13T12:11:57Z
233376578,katpatuka,17497,1,17330199,2013-08-13T12:12:01Z
233376669,katpatuka,17497,1,17330199,2013-08-13T12:12:04Z
241939311,jamesks,2500,2,34653099,2015-10-15T12:02:22Z
241939331,katpatuka,17497,1,18334569,2013-10-13T15:41:36Z
241939392,katpatuka,17497,1,18334569,2013-10-13T15:41:43Z
248050426,West Lake,3275816,2,37106745,2016-02-09T17:42:01Z
249209902,Wahsaw,2237091,3,30492364,2015-04-26T06:36:03Z
249209924,greecemapper,23785,1,19196478,2013-11-30T15:52:55Z
249209958,Wahsaw,2237091,3,30492364,2015-04-26T06:36:01Z
249210668,jamesks,2500,4,31885058,2015-06-10T23:28:07Z
249581542,15Tr,1987359,2,36624731,2016-01-16T22:36:52Z
252235568,jamesks,2500,2,44446514,2016-12-16T12:41:00Z
252407579,DougPeterson,1469704,4,48177912,2017-04-26T23:34:36Z
254140854,Maarten Deen,9176,1,19695745,2013-12-29T13:03:02Z
254140874,katpatuka,17497,2,22309547,2014-05-13T10:00:20Z
256857030,jamesks,2500,1,20035622,2014-01-16T15:55:20Z
256997223,katpatuka,17497,4,44665518,2016-12-25T17:47:47Z
256998499,katpatuka,17497,2,44661106,2016-12-25T12:43:33Z
259056282,katpatuka,17497,2,20284473,2014-01-30T14:28:53Z
259057364,Wahsaw,2237091,4,31707823,2015-06-04T05:19:39Z
259061268,katpatuka,17497,2,20284473,2014-01-30T14:29:10Z
260499491,hanchao,499500,2,32734822,2015-07-19T15:18:56Z
260504090,Wahsaw,2237091,4,48021706,2017-04-22T04:04:05Z
260513019,katpatuka,17497,1,20437178,2014-02-07T20:31:09Z
260513039,katpatuka,17497,1,20437178,2014-02-07T20:31:12Z
260513084,WouterW,231254,2,29077442,2015-02-24T20:43:49Z
260513118,katpatuka,17497,1,20437178,2014-02-07T20:31:22Z
260513146,katpatuka,17497,1,20437178,2014-02-07T20:31:24Z
260513176,Seandebasti,550560,3,46223330,2017-02-19T18:29:02Z
261944533,samely,2512300,2,33016551,2015-07-31T19:27:55Z
261948117,jamesks,2500,2,44423089,2016-12-15T13:03:52Z
261948137,zhongguo,386131,1,20604859,2014-02-16T21:38:58Z
262106724,zhongguo,386131,1,20622613,2014-02-17T19:53:19Z
262106744,zhongguo,386131,1,20622613,2014-02-17T19:53:20Z
262106766,zhongguo,386131,2,20623628,2014-02-17T20:35:42Z
262106786,samely,2512300,2,39044044,2016-05-02T16:25:29Z
262110066,zhongguo,386131,1,20623085,2014-02-17T20:12:35Z
262115027,zhongguo,386131,1,20623628,2014-02-17T20:35:37Z
262115050,zhongguo,386131,1,20623628,2014-02-17T20:35:39Z
264092867,jamesks,2500,6,44403836,2016-12-14T18:25:52Z
278009916,jamesks,2500,2,44399803,2016-12-14T15:04:40Z
279140767,aighes,110639,1,22107477,2014-05-03T15:35:03Z
279207846,aighes,110639,1,22113301,2014-05-03T20:04:24Z
279207900,aighes,110639,1,22113301,2014-05-03T20:04:31Z
281519281,katpatuka,17497,1,22309186,2014-05-13T09:35:43Z
281528756,katpatuka,17497,1,22309547,2014-05-13T10:00:01Z
281528820,katpatuka,17497,1,22309547,2014-05-13T10:00:03Z
281528849,15Tr,1987359,2,36624731,2016-01-16T22:54:20Z
281528877,15Tr,1987359,2,36624731,2016-01-16T22:54:29Z
281539605,katpatuka,17497,1,22310047,2014-05-13T10:35:50Z
281539625,katpatuka,17497,1,22310047,2014-05-13T10:35:53Z
282015725,Helmchen42,1817244,1,22348467,2014-05-15T09:08:04Z
282015754,katpatuka,17497,3,41469480,2016-08-15T15:10:45Z
284604202,rheins,2996489,2,32603821,2015-07-13T14:08:16Z
284605480,jamesks,2500,1,22580844,2014-05-27T12:15:18Z
289490120,hanchao,499500,2,34544835,2015-10-10T08:14:05Z
289490140,Prot D,748291,1,23114160,2014-06-24T02:56:08Z
289490160,Prot D,748291,1,23114160,2014-06-24T02:56:09Z
289490588,Prot D,748291,1,23114251,2014-06-24T03:21:57Z
289677209,Prot D,748291,1,23135397,2014-06-25T05:03:54Z
289888526,Prot D,748291,1,23181585,2014-06-26T13:02:40Z
293396810,Wahsaw,2237091,2,42209573,2016-09-16T18:15:44Z
299064475,katpatuka,17497,1,24889836,2014-08-20T16:47:47Z
299064500,katpatuka,17497,1,24889836,2014-08-20T16:47:50Z
301556409,greecemapper,23785,1,25189483,2014-09-02T19:15:15Z
301556429,greecemapper,23785,1,25189483,2014-09-02T19:15:16Z
301556449,greecemapper,23785,1,25189483,2014-09-02T19:15:18Z
301556470,greecemapper,23785,1,25189483,2014-09-02T19:15:19Z
301560930,Wahsaw,2237091,3,48021706,2017-04-22T04:04:05Z
301561037,Wahsaw,2237091,3,48021706,2017-04-22T04:04:05Z
301561062,greecemapper,23785,1,25190175,2014-09-02T19:40:21Z
301561083,15Tr,1987359,2,36624731,2016-01-16T22:57:37Z
301801357,FreedSky,1236135,3,33957817,2015-09-11T13:09:48Z
301892608,FreedSky,1236135,1,25243937,2014-09-05T09:03:27Z
305498941,自由分享,3264783,3,40175434,2016-06-21T08:55:14Z
306164737,greecemapper,23785,2,31387217,2015-05-23T00:22:11Z
306366275,Math1985,39688,1,25872335,2014-10-05T10:13:06Z
306384370,jamesks,2500,3,34652953,2015-10-15T11:54:52Z
307807128,7thgrade,4893896,3,45332392,2017-01-20T17:33:12Z
312189968,hanchao,499500,1,26706062,2014-11-11T09:21:58Z
312539800,hanchao,499500,1,26749469,2014-11-13T06:00:31Z
315731440,15Tr,1987359,3,36624731,2016-01-16T22:52:28Z
315745670,15Tr,1987359,3,36624731,2016-01-16T22:52:26Z
315752698,greecemapper,23785,1,27235882,2014-12-04T14:11:10Z
315752718,15Tr,1987359,2,36624731,2016-01-16T22:52:15Z
315752739,15Tr,1987359,4,36624731,2016-01-16T22:52:18Z
315753881,15Tr,1987359,2,36624731,2016-01-16T22:52:12Z
315753901,jamesks,2500,11,44471599,2016-12-17T14:38:48Z
315917111,greecemapper,23785,1,27267319,2014-12-05T16:36:50Z
317462717,karitotp,2748195,3,37737212,2016-03-10T15:37:40Z
317465153,bahnpirat,13203,1,27497130,2014-12-16T02:24:26Z
318865354,katpatuka,17497,1,27695315,2014-12-25T19:59:55Z
318865412,katpatuka,17497,1,27695315,2014-12-25T19:59:58Z
318914425,katpatuka,17497,1,27702360,2014-12-26T07:17:23Z
319371093,Seandebasti,550560,4,46211215,2017-02-19T10:29:58Z
323104620,greecemapper,23785,1,28259890,2015-01-19T18:34:16Z
326163779,greecemapper,23785,1,28579485,2015-02-02T23:56:48Z
326494554,greecemapper,23785,1,28625893,2015-02-05T08:23:07Z
326494598,greecemapper,23785,1,28625893,2015-02-05T08:23:12Z
328358938,jamesks,2500,1,28862134,2015-02-15T12:42:21Z
328361463,jamesks,2500,1,28862134,2015-02-15T12:59:01Z
330204758,Wahsaw,2237091,3,45424583,2017-01-24T08:17:48Z
330224350,Wahsaw,2237091,1,29092182,2015-02-25T13:58:39Z
330229786,Wahsaw,2237091,3,33390180,2015-08-17T13:03:52Z
330245180,Wahsaw,2237091,1,29095395,2015-02-25T16:35:15Z
330344549,Wahsaw,2237091,4,32088525,2015-06-20T03:35:56Z
330353123,Wahsaw,2237091,3,35483608,2015-11-21T10:19:11Z
330372039,Wahsaw,2237091,3,31520704,2015-05-28T05:16:36Z
330463059,Wahsaw,2237091,4,47123510,2017-03-24T12:27:57Z
330496213,Wahsaw,2237091,1,29134069,2015-02-27T12:16:38Z
330496235,Wahsaw,2237091,1,29134069,2015-02-27T12:16:40Z
330512949,Wahsaw,2237091,1,29136174,2015-02-27T14:17:30Z
330512971,Wahsaw,2237091,1,29136174,2015-02-27T14:17:31Z
330512991,Wahsaw,2237091,1,29136174,2015-02-27T14:17:33Z
330520718,Wahsaw,2237091,2,29139099,2015-02-27T16:29:59Z
330521481,Wahsaw,2237091,2,29139099,2015-02-27T16:29:59Z
330539832,Wahsaw,2237091,1,29139099,2015-02-27T16:29:58Z
331492614,盈千树,2728155,1,29285608,2015-03-06T09:43:22Z
331626726,Luis36995,1829683,3,38296445,2016-04-04T17:07:25Z
331694464,calfarome,2511706,2,37736112,2016-03-10T14:59:54Z
331953188,不 冷 而 酷,2728438,4,29355459,2015-03-09T13:16:36Z
331953675,不 冷 而 酷,2728438,1,29343436,2015-03-09T04:52:44Z
332005950,不 冷 而 酷,2728438,1,29366258,2015-03-09T15:04:12Z
332005987,不 冷 而 酷,2728438,1,29366258,2015-03-09T15:04:13Z
332639179,Kostik,384084,1,29466424,2015-03-14T09:13:45Z
332648378,Wahsaw,2237091,1,29468154,2015-03-14T10:29:11Z
332674876,Wahsaw,2237091,1,29472173,2015-03-14T13:59:58Z
332674896,Wahsaw,2237091,1,29472173,2015-03-14T14:00:00Z
332674918,Wahsaw,2237091,1,29472173,2015-03-14T14:00:01Z
332682432,Wahsaw,2237091,1,29473379,2015-03-14T14:55:08Z
332700174,Wahsaw,2237091,1,29475661,2015-03-14T16:44:05Z
332886961,jamesks,2500,2,34652953,2015-10-15T11:54:51Z
332886981,Wahsaw,2237091,1,29497121,2015-03-15T14:49:29Z
333987857,Wahsaw,2237091,1,29635379,2015-03-21T14:18:18Z
333997378,Wahsaw,2237091,1,29636402,2015-03-21T15:14:26Z
334015707,Wahsaw,2237091,1,29637778,2015-03-21T16:28:40Z
334169723,Wahsaw,2237091,1,29655742,2015-03-22T12:36:53Z
334176562,Wahsaw,2237091,1,29656961,2015-03-22T13:41:08Z
334177915,Wahsaw,2237091,1,29657254,2015-03-22T13:54:16Z
334633622,Wahsaw,2237091,1,29719702,2015-03-25T05:11:16Z
335366202,Wahsaw,2237091,1,29827620,2015-03-29T14:31:15Z
335366223,Wahsaw,2237091,1,29827620,2015-03-29T14:31:16Z
335597263,ff5722,3450290,4,45805757,2017-02-04T13:45:32Z
335600790,Vulcanodong,720609,2,36195832,2015-12-27T14:08:11Z
335602795,ff5722,3450290,6,45805757,2017-02-04T13:45:33Z
335604250,jamesks,2500,2,34653099,2015-10-15T12:02:26Z
335606099,katpatuka,17497,3,43585220,2016-11-12T16:45:33Z
337346809,Vlad,24247,2,39110480,2016-05-05T01:51:53Z
340045560,Wahsaw,2237091,1,30419887,2015-04-23T04:36:20Z
340561498,Wahsaw,2237091,1,30492017,2015-04-26T06:16:33Z
340607112,Wahsaw,2237091,6,30505565,2015-04-26T14:52:37Z
341365913,Wahsaw,2237091,1,30604556,2015-04-29T04:23:39Z
341432450,KartaBY,413914,1,30614565,2015-04-29T10:43:20Z
344633871,Wahsaw,2237091,2,42219684,2016-09-17T04:53:36Z
345820017,Wahsaw,2237091,1,31244423,2015-05-18T04:26:37Z
345826845,Wahsaw,2237091,1,31244792,2015-05-18T05:14:56Z
346127754,Wahsaw,2237091,2,31273610,2015-05-19T05:17:41Z
346180831,hanchao,499500,1,31275909,2015-05-19T07:55:59Z
346700470,Wahsaw,2237091,1,31333335,2015-05-21T05:23:53Z
347398885,greecemapper,23785,1,31387217,2015-05-23T00:21:10Z
347398905,greecemapper,23785,1,31387217,2015-05-23T00:21:12Z
347398925,greecemapper,23785,1,31387217,2015-05-23T00:21:14Z
347546308,Wahsaw,2237091,1,31393876,2015-05-23T10:15:59Z
347633638,Wahsaw,2237091,1,31398192,2015-05-23T13:54:13Z
347657608,Wahsaw,2237091,1,31400734,2015-05-23T15:49:23Z
347659472,karitotp,2748195,3,38934518,2016-04-27T20:53:59Z
347913015,Wahsaw,2237091,1,31416804,2015-05-24T10:54:46Z
347934108,Wahsaw,2237091,1,31418192,2015-05-24T12:04:33Z
348332827,jamesks,2500,1,31446166,2015-05-25T13:58:06Z
348334407,jamesks,2500,1,31446166,2015-05-25T14:04:57Z
349374479,Wahsaw,2237091,1,31520142,2015-05-28T04:10:10Z
349378016,samely,2512300,2,38968635,2016-04-28T21:52:24Z
349875492,Wahsaw,2237091,3,31939146,2015-06-13T09:00:47Z
349879422,katpatuka,17497,5,43605347,2016-11-13T13:44:10Z
349882773,Wahsaw,2237091,1,31568170,2015-05-29T17:15:32Z
351059101,Wahsaw,2237091,1,31682774,2015-06-03T05:19:10Z
351310936,Wahsaw,2237091,1,31707823,2015-06-04T05:19:39Z
351859090,Wahsaw,2237091,1,31766058,2015-06-06T10:36:11Z
351865670,Wahsaw,2237091,1,31766649,2015-06-06T11:10:16Z
351880278,Wahsaw,2237091,1,31767706,2015-06-06T12:06:59Z
351888147,Wahsaw,2237091,1,31768524,2015-06-06T12:51:40Z
351897707,Wahsaw,2237091,1,31769555,2015-06-06T13:43:11Z
351899519,Wahsaw,2237091,1,31769908,2015-06-06T14:00:00Z
351974459,jamesks,2500,2,35935771,2015-12-13T23:48:35Z
352020799,Wahsaw,2237091,1,31782205,2015-06-07T06:03:49Z
352025749,Wahsaw,2237091,1,31782590,2015-06-07T06:37:01Z
352037151,Wahsaw,2237091,1,31785039,2015-06-07T08:41:19Z
352194479,Wahsaw,2237091,1,31804370,2015-06-08T04:32:14Z
352714432,Wahsaw,2237091,1,31860308,2015-06-10T04:23:57Z
352902768,jamesks,2500,2,44419930,2016-12-15T10:42:34Z
353143703,Wahsaw,2237091,1,31912293,2015-06-12T05:23:06Z
353232837,Wahsaw,2237091,1,31922132,2015-06-12T14:09:09Z
353238267,samely,2512300,2,38561230,2016-04-14T16:57:21Z
353353862,Wahsaw,2237091,1,31936291,2015-06-13T05:02:11Z
353361462,Wahsaw,2237091,1,31936657,2015-06-13T05:47:10Z
353398799,Wahsaw,2237091,2,31939801,2015-06-13T09:41:00Z
353415471,Wahsaw,2237091,1,31941075,2015-06-13T10:55:31Z
353415491,Wahsaw,2237091,1,31941075,2015-06-13T10:55:33Z
353415513,Wahsaw,2237091,1,31941075,2015-06-13T10:55:35Z
353747741,Wahsaw,2237091,1,31974777,2015-06-15T04:43:07Z
354222886,Wahsaw,2237091,1,32021373,2015-06-17T05:18:10Z
354222906,Wahsaw,2237091,1,32021373,2015-06-17T05:18:11Z
357113612,Wahsaw,2237091,1,32279930,2015-06-29T09:12:58Z
357394069,hanchao,499500,1,32303057,2015-06-30T09:06:27Z
357809858,Wahsaw,2237091,2,42650254,2016-10-05T08:00:53Z
360576506,ediyes,1240849,1,32631358,2015-07-14T16:05:08Z
361281189,hanchao,499500,1,32734822,2015-07-19T15:18:43Z
361504164,jamesks,2500,2,44489365,2016-12-18T12:32:30Z
361547628,jamesks,2500,2,44403836,2016-12-14T18:25:58Z
362212310,dannykath,2226712,2,37853135,2016-03-15T19:18:47Z
364466603,Wahsaw,2237091,1,33173020,2015-08-07T07:50:09Z
365519815,FreedSky,1236135,1,33311643,2015-08-13T12:34:22Z
365523519,jamesks,2500,7,44423089,2016-12-15T13:03:54Z
368310397,guanchzhou,348939,1,33684686,2015-08-30T15:16:57Z
368310428,jamesks,2500,2,45379686,2017-01-22T21:29:29Z
368310452,guanchzhou,348939,1,33684686,2015-08-30T15:17:02Z
369877643,katpatuka,17497,3,44679546,2016-12-26T10:52:31Z
374650688,hongist,3262841,1,34543150,2015-10-10T05:20:23Z
375326435,hanchao,499500,1,34645389,2015-10-15T02:25:51Z
375378909,jamesks,2500,1,34652953,2015-10-15T11:54:45Z
375379504,jamesks,2500,1,34653099,2015-10-15T12:02:21Z
375583058,jamesks,2500,2,35935771,2015-12-13T23:48:34Z
375881333,FreedSky,1236135,1,34723313,2015-10-19T02:50:01Z
375884586,FreedSky,1236135,1,34724001,2015-10-19T04:39:55Z
375931478,Seandebasti,550560,5,46228461,2017-02-19T22:21:29Z
375933565,jamesks,2500,1,34732661,2015-10-19T13:51:55Z
377675024,jamesks,2500,3,44540386,2016-12-20T12:46:55Z
381681812,ff5722,3450290,2,47470399,2017-04-05T09:43:21Z
381688450,Wahsaw,2237091,1,35481371,2015-11-21T07:53:41Z
381701599,ff5722,3450290,2,47470399,2017-04-05T09:43:21Z
385774283,jamesks,2500,2,44500176,2016-12-18T20:26:41Z
385774305,jamesks,2500,1,35935771,2015-12-13T23:47:43Z
385774328,jamesks,2500,1,35935771,2015-12-13T23:47:45Z
387790982,Wahsaw,2237091,1,36171706,2015-12-26T07:32:42Z
387791002,Wahsaw,2237091,1,36171706,2015-12-26T07:32:43Z
388390139,自由分享,3264783,1,36235829,2015-12-29T08:34:31Z
388390159,自由分享,3264783,3,36236230,2015-12-29T08:59:41Z
388396715,自由分享,3264783,1,36236482,2015-12-29T09:14:45Z
388399738,自由分享,3264783,1,36236825,2015-12-29T09:37:53Z
388451927,自由分享,3264783,1,36241677,2015-12-29T14:01:57Z
388972691,自由分享,3264783,1,36292890,2016-01-01T04:48:14Z
388975711,自由分享,3264783,1,36292949,2016-01-01T05:10:53Z
388979325,自由分享,3264783,1,36293086,2016-01-01T05:47:34Z
388992956,ff5722,3450290,5,45681401,2017-01-31T10:39:48Z
390479869,katpatuka,17497,1,36468400,2016-01-09T18:12:30Z
390555336,katpatuka,17497,1,36476539,2016-01-10T07:04:41Z
390555357,katpatuka,17497,1,36476539,2016-01-10T07:04:43Z
395189142,jkjkjk,507276,1,36928631,2016-02-01T00:19:35Z
395893632,Wahsaw,2237091,2,37468855,2016-02-26T19:02:03Z
396930986,ff5722,3450290,3,45681401,2017-01-31T10:39:49Z
396942719,West Lake,3275816,1,37106745,2016-02-09T17:41:50Z
396942745,West Lake,3275816,1,37106745,2016-02-09T17:41:52Z
396947260,ff5722,3450290,2,45804252,2017-02-04T12:43:04Z
396948504,jamesks,2500,2,44540386,2016-12-20T12:41:25Z
400289776,Wahsaw,2237091,3,37470091,2016-02-26T19:49:39Z
401973095,Fakers,3689894,2,37647689,2016-03-06T15:56:12Z
403105948,RichRico,2219338,1,37761978,2016-03-11T15:06:48Z
403876731,samely,2512300,1,37844325,2016-03-15T14:33:38Z
404099425,jamesks,2500,2,44446514,2016-12-16T12:41:00Z
404308545,calfarome,2511706,1,37908135,2016-03-17T21:54:49Z
406846535,calfarome,2511706,1,38211963,2016-03-31T20:58:20Z
413708486,RichRico,2219338,1,38897132,2016-04-26T18:37:08Z
415670008,jamesks,2500,5,42063756,2016-09-10T17:47:46Z
415670131,Wahsaw,2237091,3,47925909,2017-04-19T05:56:09Z
415777735,jamesks,2500,5,45379686,2017-01-22T21:29:27Z
415793257,jamesks,2500,4,45379686,2017-01-22T21:29:24Z
415793277,jamesks,2500,2,42063756,2016-09-10T17:47:59Z
415793297,jamesks,2500,2,45379686,2017-01-22T21:29:24Z
415793318,jamesks,2500,2,45379686,2017-01-22T21:29:23Z
417179134,pieleric,352940,1,39234630,2016-05-11T07:40:05Z
418620345,ridixcr,2508151,1,39357042,2016-05-16T16:36:17Z
424533374,katpatuka,17497,2,39974937,2016-06-12T16:36:35Z
424533450,katpatuka,17497,1,39972589,2016-06-12T14:34:13Z
424539571,katpatuka,17497,1,39973169,2016-06-12T15:01:29Z
424573598,katpatuka,17497,1,39974937,2016-06-12T16:36:28Z
424575454,katpatuka,17497,1,39975155,2016-06-12T16:48:04Z
424580517,katpatuka,17497,1,39975904,2016-06-12T17:27:52Z
424581827,katpatuka,17497,1,39976169,2016-06-12T17:43:16Z
424581874,katpatuka,17497,1,39976169,2016-06-12T17:43:18Z
424585480,katpatuka,17497,1,39976660,2016-06-12T18:13:17Z
424590465,katpatuka,17497,1,39977288,2016-06-12T18:47:52Z
424591223,Oberaffe,56597,2,42257467,2016-09-18T22:12:17Z
424713417,katpatuka,17497,1,39987421,2016-06-13T08:51:42Z
424729352,katpatuka,17497,1,39990177,2016-06-13T11:12:56Z
424731632,katpatuka,17497,1,39990597,2016-06-13T11:33:38Z
424790938,katpatuka,17497,2,39997803,2016-06-13T17:39:33Z
424949843,Seandebasti,550560,1,40020811,2016-06-14T16:14:08Z
424949878,Seandebasti,550560,1,40020811,2016-06-14T16:14:10Z
424954850,Seandebasti,550560,1,40021351,2016-06-14T16:39:43Z
424954875,Seandebasti,550560,1,40021351,2016-06-14T16:39:45Z
424964847,Seandebasti,550560,1,40022202,2016-06-14T17:18:03Z
424964867,Seandebasti,550560,1,40022202,2016-06-14T17:18:05Z
424968847,Seandebasti,550560,1,40022604,2016-06-14T17:41:16Z
424968868,Seandebasti,550560,1,40022604,2016-06-14T17:41:18Z
424972713,Seandebasti,550560,1,40023063,2016-06-14T18:11:46Z
424972733,Seandebasti,550560,1,40023063,2016-06-14T18:11:47Z
424978366,Seandebasti,550560,1,40023831,2016-06-14T18:45:10Z
424978386,Seandebasti,550560,1,40023831,2016-06-14T18:45:12Z
424978406,Seandebasti,550560,1,40023831,2016-06-14T18:45:13Z
424978426,Seandebasti,550560,1,40023831,2016-06-14T18:45:14Z
424983510,Seandebasti,550560,1,40024757,2016-06-14T19:24:52Z
424983530,Seandebasti,550560,1,40024757,2016-06-14T19:24:54Z
424983551,Seandebasti,550560,1,40024757,2016-06-14T19:24:55Z
425166745,Seandebasti,550560,1,40043164,2016-06-15T17:19:49Z
425166780,Seandebasti,550560,1,40043164,2016-06-15T17:19:51Z
425188346,Seandebasti,550560,1,40046219,2016-06-15T19:48:29Z
425376600,Seandebasti,550560,1,40072605,2016-06-16T17:34:37Z
425376620,Seandebasti,550560,1,40072605,2016-06-16T17:34:39Z
425376640,Seandebasti,550560,1,40072605,2016-06-16T17:34:41Z
426291466,自由分享,3264783,1,40175324,2016-06-21T08:50:43Z
426293081,自由分享,3264783,1,40175636,2016-06-21T09:04:52Z
426295089,自由分享,3264783,1,40176157,2016-06-21T09:28:03Z
426904025,Seandebasti,550560,1,40245469,2016-06-23T21:13:43Z
426904070,Seandebasti,550560,1,40245469,2016-06-23T21:13:45Z
426904103,Seandebasti,550560,1,40245469,2016-06-23T21:13:46Z
426904128,Seandebasti,550560,1,40245469,2016-06-23T21:13:47Z
426904163,Seandebasti,550560,1,40245469,2016-06-23T21:13:48Z
435785841,Wahsaw,2237091,1,41257103,2016-08-05T11:00:40Z
437278047,katpatuka,17497,1,41465513,2016-08-15T11:25:17Z
437300496,katpatuka,17497,1,41467676,2016-08-15T13:33:59Z
437300519,katpatuka,17497,1,41467676,2016-08-15T13:34:01Z
437314541,katpatuka,17497,1,41469480,2016-08-15T15:10:30Z
437314672,katpatuka,17497,1,41469480,2016-08-15T15:10:36Z
437314737,katpatuka,17497,1,41469480,2016-08-15T15:10:39Z
437314763,katpatuka,17497,1,41469480,2016-08-15T15:10:40Z
437319086,katpatuka,17497,1,41470211,2016-08-15T15:41:01Z
437322234,katpatuka,17497,1,41470454,2016-08-15T15:53:59Z
437330448,katpatuka,17497,1,41471675,2016-08-15T17:01:20Z
437340542,katpatuka,17497,1,41472820,2016-08-15T17:54:04Z
437940482,自由分享,3264783,1,41551198,2016-08-19T08:46:46Z
437940593,自由分享,3264783,1,41551198,2016-08-19T08:50:00Z
441803099,jamesks,2500,1,42062003,2016-09-10T17:24:48Z
442580181,ff5722,3450290,2,45804252,2017-02-04T12:43:05Z
442653734,luxijie,3271030,1,42184392,2016-09-15T19:17:15Z
442879683,katpatuka,17497,2,43605347,2016-11-13T13:44:12Z
442880928,Wahsaw,2237091,1,42220508,2016-09-17T06:30:06Z
442977312,Oberaffe,56597,1,42237773,2016-09-18T00:19:55Z
442977332,Oberaffe,56597,1,42237773,2016-09-18T00:19:57Z
442977352,Oberaffe,56597,1,42237773,2016-09-18T00:19:59Z
442977409,Oberaffe,56597,1,42237773,2016-09-18T00:20:01Z
442977444,Oberaffe,56597,1,42237773,2016-09-18T00:20:03Z
442977464,Oberaffe,56597,1,42237773,2016-09-18T00:20:05Z
442977484,Oberaffe,56597,1,42237773,2016-09-18T00:20:06Z
442977504,Oberaffe,56597,1,42237773,2016-09-18T00:20:09Z
442977524,Oberaffe,56597,1,42237773,2016-09-18T00:20:10Z
442977544,Oberaffe,56597,1,42237773,2016-09-18T00:20:12Z
442977564,Oberaffe,56597,1,42237773,2016-09-18T00:20:14Z
442977584,isabellekh,1355899,3,46283340,2017-02-21T18:48:05Z
442977604,Oberaffe,56597,1,42237773,2016-09-18T00:20:17Z
442977624,Oberaffe,56597,1,42237773,2016-09-18T00:20:19Z
443069972,Oberaffe,56597,1,42252370,2016-09-18T17:32:16Z
443107096,Oberaffe,56597,1,42257467,2016-09-18T22:12:15Z
445870428,Wahsaw,2237091,1,42650254,2016-10-05T08:00:47Z
445877956,Wahsaw,2237091,1,42651175,2016-10-05T08:44:53Z
445877976,Wahsaw,2237091,1,42651175,2016-10-05T08:44:54Z
452875008,katpatuka,17497,1,43583038,2016-11-12T15:09:29Z
452891244,katpatuka,17497,2,43585981,2016-11-12T17:12:37Z
452896152,katpatuka,17497,1,43585981,2016-11-12T17:12:35Z
452896206,katpatuka,17497,2,43586046,2016-11-12T17:14:54Z
452901218,katpatuka,17497,1,43586597,2016-11-12T17:47:24Z
452910004,katpatuka,17497,1,43587901,2016-11-12T19:00:38Z
452967658,katpatuka,17497,1,43595107,2016-11-13T05:52:12Z
453006218,katpatuka,17497,1,43600887,2016-11-13T10:22:40Z
453038248,katpatuka,17497,1,43605347,2016-11-13T13:43:55Z
453038268,katpatuka,17497,1,43605347,2016-11-13T13:43:58Z
453038289,katpatuka,17497,1,43605347,2016-11-13T13:44:00Z
453038313,katpatuka,17497,1,43605347,2016-11-13T13:44:03Z
453049621,katpatuka,17497,1,43607187,2016-11-13T15:01:58Z
453077847,katpatuka,17497,1,43610456,2016-11-13T17:13:45Z
457463067,Wahsaw,2237091,1,44141665,2016-12-03T17:14:27Z
457463096,Wahsaw,2237091,1,44141665,2016-12-03T17:14:28Z
457587367,Wahsaw,2237091,1,44150446,2016-12-04T04:24:47Z
457587387,Wahsaw,2237091,1,44150446,2016-12-04T04:24:48Z
457587407,Wahsaw,2237091,1,44150446,2016-12-04T04:24:49Z
458943631,aighes,110639,2,44315137,2016-12-11T02:58:10Z
459593000,jamesks,2500,1,44399803,2016-12-14T15:04:28Z
459593030,jamesks,2500,1,44399803,2016-12-14T15:04:29Z
459593050,jamesks,2500,1,44399803,2016-12-14T15:04:30Z
459611777,jamesks,2500,1,44401486,2016-12-14T16:24:50Z
459611803,jamesks,2500,1,44401486,2016-12-14T16:24:51Z
459619815,jamesks,2500,1,44402481,2016-12-14T17:15:35Z
459619845,jamesks,2500,1,44402481,2016-12-14T17:15:37Z
459628535,jamesks,2500,1,44403836,2016-12-14T18:25:43Z
459628580,jamesks,2500,1,44403836,2016-12-14T18:25:44Z
459806145,jamesks,2500,1,44419930,2016-12-15T10:42:28Z
459810929,jamesks,2500,1,44421081,2016-12-15T11:43:09Z
459810949,jamesks,2500,1,44421081,2016-12-15T11:43:11Z
459810969,jamesks,2500,1,44421081,2016-12-15T11:43:12Z
459819850,7thgrade,4893896,2,44779015,2016-12-30T09:08:22Z
459819870,jamesks,2500,1,44423089,2016-12-15T13:03:44Z
459819892,jamesks,2500,2,44428731,2016-12-15T17:27:25Z
459862775,jamesks,2500,1,44429365,2016-12-15T17:57:55Z
460023969,jamesks,2500,1,44447649,2016-12-16T13:32:26Z
460023989,jamesks,2500,1,44447649,2016-12-16T13:32:28Z
460024009,jamesks,2500,1,44447649,2016-12-16T13:32:29Z
460024029,jamesks,2500,1,44447649,2016-12-16T13:32:30Z
460030921,jamesks,2500,2,44472322,2016-12-17T15:18:16Z
460077694,jamesks,2500,1,44454539,2016-12-16T19:04:15Z
460146881,Wahsaw,2237091,1,44465648,2016-12-17T09:53:33Z
460189434,jamesks,2500,1,44471599,2016-12-17T15:04:37Z
460322062,jamesks,2500,1,44489365,2016-12-18T11:54:28Z
460328602,jamesks,2500,1,44489365,2016-12-18T12:32:25Z
460395905,jamesks,2500,2,44540386,2016-12-20T12:41:24Z
460418620,jamesks,2500,1,44502980,2016-12-18T23:17:19Z
460418640,jamesks,2500,1,44502980,2016-12-18T23:17:21Z
460743923,jamesks,2500,1,44540386,2016-12-20T12:41:17Z
461563428,katpatuka,17497,1,44645119,2016-12-24T13:44:54Z
461570562,katpatuka,17497,1,44645726,2016-12-24T14:21:16Z
461570582,katpatuka,17497,1,44645726,2016-12-24T14:21:18Z
461579365,katpatuka,17497,1,44646439,2016-12-24T15:01:40Z
461582938,katpatuka,17497,1,44646895,2016-12-24T15:29:49Z
461599134,katpatuka,17497,1,44649033,2016-12-24T17:37:36Z
461599155,katpatuka,17497,1,44649033,2016-12-24T17:37:39Z
461609598,katpatuka,17497,1,44650046,2016-12-24T18:37:55Z
461609619,katpatuka,17497,1,44650046,2016-12-24T18:37:58Z
461609639,katpatuka,17497,1,44650046,2016-12-24T18:38:00Z
461662063,katpatuka,17497,1,44657353,2016-12-25T08:14:52Z
461664058,katpatuka,17497,1,44657756,2016-12-25T08:55:34Z
461676257,katpatuka,17497,1,44659816,2016-12-25T11:30:08Z
461685530,katpatuka,17497,1,44661106,2016-12-25T12:43:23Z
461687494,katpatuka,17497,1,44661470,2016-12-25T13:06:13Z
461687516,katpatuka,17497,1,44661470,2016-12-25T13:06:15Z
461690718,katpatuka,17497,1,44661987,2016-12-25T13:35:34Z
461690740,katpatuka,17497,1,44661987,2016-12-25T13:35:36Z
461698599,katpatuka,17497,1,44663020,2016-12-25T14:50:08Z
461698619,katpatuka,17497,1,44663020,2016-12-25T14:50:11Z
461698661,katpatuka,17497,1,44663020,2016-12-25T14:50:13Z
461698705,katpatuka,17497,1,44663020,2016-12-25T14:50:14Z
461724377,katpatuka,17497,1,44665518,2016-12-25T17:47:42Z
461804061,katpatuka,17497,1,44675182,2016-12-26T05:33:52Z
461825094,katpatuka,17497,1,44676693,2016-12-26T07:54:25Z
461855100,katpatuka,17497,1,44679546,2016-12-26T10:52:28Z
462720093,7thgrade,4893896,1,44779015,2016-12-30T09:08:19Z
462720113,7thgrade,4893896,1,44779015,2016-12-30T09:08:21Z
462879927,ff5722,3450290,4,45680864,2017-01-31T10:19:04Z
462879949,Seandebasti,550560,2,44800177,2016-12-31T05:36:11Z
462879969,ff5722,3450290,3,45680864,2017-01-31T10:19:04Z
462879989,ff5722,3450290,3,45471558,2017-01-25T11:05:00Z
462887267,Seandebasti,550560,1,44798607,2016-12-31T01:41:28Z
462887287,ff5722,3450290,3,45680864,2017-01-31T10:19:06Z
462887307,Seandebasti,550560,1,44798607,2016-12-31T01:41:30Z
462891646,Seandebasti,550560,1,44799399,2016-12-31T03:31:28Z
462891666,Seandebasti,550560,1,44799399,2016-12-31T03:31:29Z
462896942,Seandebasti,550560,1,44800177,2016-12-31T05:35:57Z
462896966,Seandebasti,550560,1,44800177,2016-12-31T05:35:58Z
462896986,Seandebasti,550560,1,44800177,2016-12-31T05:36:00Z
462897006,Seandebasti,550560,1,44800177,2016-12-31T05:36:02Z
462897026,Seandebasti,550560,1,44800177,2016-12-31T05:36:04Z
462897046,Seandebasti,550560,1,44800177,2016-12-31T05:36:06Z
466733856,7thgrade,4893896,1,45252665,2017-01-17T19:59:06Z
466733882,7thgrade,4893896,1,45252665,2017-01-17T19:59:08Z
466742324,7thgrade,4893896,2,45255846,2017-01-17T21:48:25Z
466742345,7thgrade,4893896,1,45253784,2017-01-17T20:36:14Z
466742365,7thgrade,4893896,1,45253784,2017-01-17T20:36:16Z
466755153,7thgrade,4893896,1,45255846,2017-01-17T21:48:17Z
466755173,7thgrade,4893896,1,45255846,2017-01-17T21:48:18Z
466755194,7thgrade,4893896,1,45255846,2017-01-17T21:48:19Z
466755217,7thgrade,4893896,1,45255846,2017-01-17T21:48:20Z
466755245,7thgrade,4893896,1,45255846,2017-01-17T21:48:22Z
466766318,7thgrade,4893896,1,45257671,2017-01-17T23:00:49Z
466766345,7thgrade,4893896,1,45257671,2017-01-17T23:00:50Z
466890322,ff5722,3450290,2,47469627,2017-04-05T09:20:15Z
466890396,7thgrade,4893896,1,45266172,2017-01-18T10:01:08Z
466890442,7thgrade,4893896,1,45266172,2017-01-18T10:01:10Z
466890490,7thgrade,4893896,1,45266172,2017-01-18T10:01:12Z
466976405,7thgrade,4893896,1,45278657,2017-01-18T19:11:04Z
467155998,7thgrade,4893896,1,45294160,2017-01-19T10:45:28Z
467156021,7thgrade,4893896,1,45294160,2017-01-19T10:45:30Z
467156044,7thgrade,4893896,1,45294160,2017-01-19T10:45:31Z
467423896,7thgrade,4893896,1,45323752,2017-01-20T10:49:23Z
467486196,7thgrade,4893896,1,45332392,2017-01-20T17:33:07Z
467486216,7thgrade,4893896,1,45332392,2017-01-20T17:33:08Z
467941562,jamesks,2500,1,45395080,2017-01-23T10:11:42Z
467964983,Wahsaw,2237091,2,47113037,2017-03-24T03:07:41Z
468023698,jamesks,2500,1,45405505,2017-01-23T17:02:11Z
468709221,ff5722,3450290,1,45471558,2017-01-25T11:04:50Z
468709241,ff5722,3450290,1,45471558,2017-01-25T11:04:52Z
468709261,ff5722,3450290,2,45680864,2017-01-31T10:19:08Z
468709281,ff5722,3450290,1,45471558,2017-01-25T11:04:54Z
468709301,ff5722,3450290,1,45471558,2017-01-25T11:04:55Z
468712677,ff5722,3450290,1,45472032,2017-01-25T11:23:20Z
469585384,Oberaffe,56597,1,45579150,2017-01-28T00:53:56Z
469585421,Oberaffe,56597,1,45579150,2017-01-28T00:54:00Z
470556093,ff5722,3450290,1,45680864,2017-01-31T10:18:55Z
470556152,ff5722,3450290,1,45680864,2017-01-31T10:18:57Z
470556172,ff5722,3450290,1,45680864,2017-01-31T10:18:59Z
470567764,ff5722,3450290,1,45681401,2017-01-31T10:39:46Z
472056508,ff5722,3450290,1,45799992,2017-02-04T09:22:45Z
472056528,ff5722,3450290,1,45799992,2017-02-04T09:22:48Z
472056548,ff5722,3450290,1,45799992,2017-02-04T09:22:51Z
472061977,ff5722,3450290,1,45800917,2017-02-04T10:10:41Z
472092461,ff5722,3450290,1,45805462,2017-02-04T13:34:53Z
472092481,ff5722,3450290,1,45805462,2017-02-04T13:34:54Z
472092501,ff5722,3450290,2,45805757,2017-02-04T13:45:35Z
472092521,ff5722,3450290,2,45805757,2017-02-04T13:45:36Z
472092543,ff5722,3450290,1,45805462,2017-02-04T13:34:59Z
472094116,ff5722,3450290,1,45805757,2017-02-04T13:45:31Z
472095482,ff5722,3450290,1,45805975,2017-02-04T13:55:44Z
475320732,ff5722,3450290,2,46346266,2017-02-23T18:50:28Z
475320775,ff5722,3450290,1,46169882,2017-02-17T16:41:21Z
475342371,ff5722,3450290,1,46172631,2017-02-17T18:25:08Z
475342410,ff5722,3450290,1,46172631,2017-02-17T18:25:09Z
475342440,ff5722,3450290,2,46191132,2017-02-18T12:22:10Z
475467307,ff5722,3450290,1,46191132,2017-02-18T12:21:21Z
475467327,ff5722,3450290,1,46191132,2017-02-18T12:21:24Z
475467347,ff5722,3450290,1,46191132,2017-02-18T12:21:26Z
475467368,ff5722,3450290,1,46191132,2017-02-18T12:21:28Z
475467474,ff5722,3450290,1,46191132,2017-02-18T12:21:37Z
475467547,ff5722,3450290,1,46191132,2017-02-18T12:21:40Z
475467608,ff5722,3450290,1,46191132,2017-02-18T12:21:42Z
475467663,ff5722,3450290,2,46195525,2017-02-18T15:55:12Z
475493725,ff5722,3450290,1,46195525,2017-02-18T15:54:47Z
475493745,ff5722,3450290,1,46195525,2017-02-18T15:54:50Z
475493765,ff5722,3450290,1,46195525,2017-02-18T15:54:53Z
475493785,ff5722,3450290,1,46195525,2017-02-18T15:54:55Z
475493805,ff5722,3450290,1,46195525,2017-02-18T15:54:57Z
475493825,ff5722,3450290,2,46345909,2017-02-23T18:34:51Z
475493845,ff5722,3450290,1,46195525,2017-02-18T15:55:00Z
475493865,ff5722,3450290,1,46195525,2017-02-18T15:55:02Z
475493885,ff5722,3450290,1,46195525,2017-02-18T15:55:03Z
475555940,Seandebasti,550560,1,46204526,2017-02-19T00:19:05Z
475555960,Seandebasti,550560,1,46204526,2017-02-19T00:19:07Z
475555980,Seandebasti,550560,1,46204526,2017-02-19T00:19:08Z
475556010,Seandebasti,550560,1,46204526,2017-02-19T00:19:10Z
475556043,Seandebasti,550560,1,46204526,2017-02-19T00:19:11Z
475556063,Seandebasti,550560,1,46204526,2017-02-19T00:19:13Z
475556083,Seandebasti,550560,1,46204526,2017-02-19T00:19:14Z
475582186,Seandebasti,550560,1,46208179,2017-02-19T07:14:32Z
475582206,Seandebasti,550560,1,46208179,2017-02-19T07:14:33Z
475582226,Seandebasti,550560,1,46208179,2017-02-19T07:14:34Z
475582248,Seandebasti,550560,2,46211215,2017-02-19T10:29:59Z
475582269,Seandebasti,550560,1,46208179,2017-02-19T07:14:36Z
475582289,Seandebasti,550560,1,46208179,2017-02-19T07:14:37Z
475599687,Seandebasti,550560,1,46211215,2017-02-19T10:29:49Z
475599707,Seandebasti,550560,1,46211215,2017-02-19T10:29:50Z
475599730,Seandebasti,550560,1,46211215,2017-02-19T10:29:51Z
475599751,Seandebasti,550560,1,46211215,2017-02-19T10:29:52Z
475599771,Seandebasti,550560,1,46211215,2017-02-19T10:29:53Z
475638631,Seandebasti,550560,1,46218220,2017-02-19T15:11:31Z
475638651,Seandebasti,550560,1,46218220,2017-02-19T15:11:32Z
475638681,Seandebasti,550560,1,46218220,2017-02-19T15:11:34Z
475638713,Seandebasti,550560,1,46218220,2017-02-19T15:11:35Z
475638736,Seandebasti,550560,1,46218220,2017-02-19T15:11:37Z
475638756,Seandebasti,550560,1,46218220,2017-02-19T15:11:38Z
475638776,Seandebasti,550560,1,46218220,2017-02-19T15:11:40Z
475651043,Seandebasti,550560,1,46220279,2017-02-19T16:29:06Z
475651063,Seandebasti,550560,1,46220279,2017-02-19T16:29:07Z
475651083,Seandebasti,550560,1,46220279,2017-02-19T16:29:08Z
475651104,Seandebasti,550560,1,46220279,2017-02-19T16:29:10Z
475651124,Seandebasti,550560,1,46220279,2017-02-19T16:29:11Z
475651144,Seandebasti,550560,1,46220279,2017-02-19T16:29:12Z
475651164,Seandebasti,550560,1,46220279,2017-02-19T16:29:13Z
475659442,Seandebasti,550560,1,46221657,2017-02-19T17:21:23Z
475659464,Seandebasti,550560,1,46221657,2017-02-19T17:21:23Z
475659486,Seandebasti,550560,1,46221657,2017-02-19T17:21:25Z
475659506,Seandebasti,550560,1,46221657,2017-02-19T17:21:26Z
475671098,Seandebasti,550560,1,46223330,2017-02-19T18:28:49Z
475671118,Seandebasti,550560,1,46223330,2017-02-19T18:28:50Z
475671138,Seandebasti,550560,1,46223330,2017-02-19T18:28:51Z
475671165,Seandebasti,550560,1,46223330,2017-02-19T18:28:53Z
475671186,Seandebasti,550560,1,46223330,2017-02-19T18:28:54Z
475671208,Seandebasti,550560,1,46223330,2017-02-19T18:28:55Z
475671271,Seandebasti,550560,1,46223330,2017-02-19T18:28:57Z
475671291,Seandebasti,550560,1,46223330,2017-02-19T18:28:59Z
475686343,jamesks,2500,1,46225823,2017-02-19T20:09:11Z
475686363,jamesks,2500,1,46225823,2017-02-19T20:09:13Z
475708045,Seandebasti,550560,1,46228461,2017-02-19T22:21:26Z
475708065,Seandebasti,550560,1,46228461,2017-02-19T22:21:27Z
476695607,ff5722,3450290,1,46343992,2017-02-23T17:10:48Z
476695659,ff5722,3450290,1,46343992,2017-02-23T17:10:55Z
476710263,ff5722,3450290,1,46345909,2017-02-23T18:34:31Z
476710349,ff5722,3450290,1,46345909,2017-02-23T18:34:33Z
476710450,ff5722,3450290,1,46345909,2017-02-23T18:34:36Z
476710511,ff5722,3450290,1,46345909,2017-02-23T18:34:39Z
476710534,ff5722,3450290,1,46345909,2017-02-23T18:34:41Z
476713274,ff5722,3450290,1,46346266,2017-02-23T18:50:23Z
476713303,ff5722,3450290,1,46346266,2017-02-23T18:50:25Z
476839954,gx816,5375660,1,46356205,2017-02-24T03:17:59Z
478757724,Eva Blue,4803528,1,46612340,2017-03-06T04:00:14Z
478972473,Eva Blue,4803528,1,46640377,2017-03-07T03:38:21Z
479213712,Jason Roy,5147743,1,46671596,2017-03-08T06:42:24Z
482387674,Wahsaw,2237091,1,47115157,2017-03-24T05:54:13Z
482574745,Wahsaw,2237091,1,47138802,2017-03-25T02:20:36Z
482578824,Wahsaw,2237091,1,47139420,2017-03-25T03:54:39Z
484714028,ff5722,3450290,1,47440959,2017-04-04T12:16:53Z
484714051,ff5722,3450290,1,47440959,2017-04-04T12:16:56Z
484714071,ff5722,3450290,1,47440959,2017-04-04T12:16:58Z
484714092,ff5722,3450290,1,47440959,2017-04-04T12:17:01Z
484725039,ff5722,3450290,1,47442342,2017-04-04T13:13:28Z
484725060,ff5722,3450290,1,47442342,2017-04-04T13:13:30Z
484767431,no_nodes_here,4834184,1,47449449,2017-04-04T17:32:35Z
484785858,ff5722,3450290,1,47452178,2017-04-04T18:55:07Z
484785878,ff5722,3450290,1,47452178,2017-04-04T18:55:09Z
484785913,ff5722,3450290,1,47452178,2017-04-04T18:55:13Z
484785935,ff5722,3450290,1,47452178,2017-04-04T18:55:16Z
484785956,ff5722,3450290,1,47452178,2017-04-04T18:55:19Z
484817657,ff5722,3450290,1,47455852,2017-04-04T20:47:37Z
484817679,ff5722,3450290,1,47455852,2017-04-04T20:47:41Z
484817699,ff5722,3450290,1,47455852,2017-04-04T20:47:45Z
484817722,ff5722,3450290,1,47455852,2017-04-04T20:47:48Z
484817753,ff5722,3450290,1,47455852,2017-04-04T20:47:51Z
484817805,ff5722,3450290,1,47455852,2017-04-04T20:48:01Z
484817825,ff5722,3450290,1,47455852,2017-04-04T20:48:03Z
484890925,ff5722,3450290,1,47468228,2017-04-05T08:32:33Z
484890996,ff5722,3450290,1,47468228,2017-04-05T08:32:38Z
484891120,ff5722,3450290,1,47468228,2017-04-05T08:32:43Z
484891140,ff5722,3450290,1,47468228,2017-04-05T08:32:46Z
484891185,ff5722,3450290,1,47468228,2017-04-05T08:32:51Z
484891206,ff5722,3450290,1,47468228,2017-04-05T08:32:54Z
484900817,ff5722,3450290,1,47469627,2017-04-05T09:19:53Z
484900837,ff5722,3450290,1,47469627,2017-04-05T09:19:57Z
484900857,ff5722,3450290,1,47469627,2017-04-05T09:20:00Z
484900877,ff5722,3450290,1,47469627,2017-04-05T09:20:04Z
484900937,ff5722,3450290,1,47469627,2017-04-05T09:20:09Z
487108723,Wahsaw,2237091,2,48021706,2017-04-22T04:04:07Z
487108744,Wahsaw,2237091,1,47831740,2017-04-16T07:44:32Z
487113493,Wahsaw,2237091,2,47925909,2017-04-19T05:56:14Z
487113519,Wahsaw,2237091,2,47925909,2017-04-19T05:56:11Z
487904340,Wahsaw,2237091,2,47925909,2017-04-19T05:56:08Z
487910000,Wahsaw,2237091,1,47925909,2017-04-19T05:56:04Z
488421026,顾松竹,5702803,1,47996509,2017-04-21T09:12:32Z
488609686,Wahsaw,2237091,1,48022933,2017-04-22T05:48:44Z
489336961,montyburns,402708,1,48128136,2017-04-25T14:52:59Z
489457817,DougPeterson,1469704,1,48145786,2017-04-26T00:56:24Z
489608781,montyburns,402708,1,48167105,2017-04-26T15:42:49Z
490714091,montyburns,402708,1,48310770,2017-05-01T15:36:10Z
491152516,bigalxyz123,481116,1,48368556,2017-05-03T15:16:03Z
491156408,bigalxyz123,481116,1,48368556,2017-05-03T15:41:32Z
491160019,bigalxyz123,481116,1,48368556,2017-05-03T15:58:41Z
494142129,Wahsaw,2237091,1,48756620,2017-05-17T09:16:30Z
494149140,DENG LEI,5968694,1,48757662,2017-05-17T09:54:54Z
494149187,DENG LEI,5968694,1,48757662,2017-05-17T09:54:56Z
494149216,DENG LEI,5968694,1,48757662,2017-05-17T09:54:58Z
494149236,DENG LEI,5968694,1,48757662,2017-05-17T09:54:59Z
494149256,DENG LEI,5968694,1,48757662,2017-05-17T09:55:00Z
